{"type":"Topology","objects":{"states":{"type":"GeometryCollection","geometries":[{"type":"MultiPolygon","arcs":[[[0,1,2,3]]],"properties":{"id":"01","name":"Alabama","postal":"AL"}},{"type":"MultiPolygon","arcs":[[[4]]],"properties":{"id":"02","name":"Alaska","postal":"AK"}},{"type":"MultiPolygon","arcs":[[[5,6,7]]],"properties":{"id":"04","name":"Arizona","postal":"AZ"}},{"type":"MultiPolygon","arcs":[[[8,9,10,11]]],"properties":{"id":"08","name":"Colorado","postal":"CO"}},{"type":"MultiPolygon","arcs":[[[12,13]]],"properties":{"id":"12","name":"Florida","postal":"FL"}},{"type":"MultiPolygon","arcs":[[[14,-14,-1,15]]],"properties":{"id":"13","name":"Georgia","postal":"GA"}},{"type":"MultiPolygon","arcs":[[[16,17,18,19]]],"properties":{"id":"18","name":"Indiana","postal":"IN"}},{"type":"MultiPolygon","arcs":[[[20,21,-9,22]]],"properties":{"id":"20","name":"Kansas","postal":"KS"}},{"type":"MultiPolygon","arcs":[[[23,24]]],"properties":{"id":"23","name":"Maine","postal":"ME"}},{"type":"MultiPolygon","arcs":[[[25,26,27,-24]]],"properties":{"id":"25","name":"Massachusetts","postal":"MA"}},{"type":"MultiPolygon","arcs":[[[28,29,30,31]]],"properties":{"id":"27","name":"Minnesota","postal":"MN"}},{"type":"MultiPolygon","arcs":[[[32,33,34,35]]],"properties":{"id":"34","name":"New Jersey","postal":"NJ"}},{"type":"MultiPolygon","arcs":[[[36,37,38,39]]],"properties":{"id":"37","name":"North Carolina","postal":"NC"}},{"type":"MultiPolygon","arcs":[[[40,41,42,43]]],"properties":{"id":"38","name":"North Dakota","postal":"ND"}},{"type":"MultiPolygon","arcs":[[[44,45,46,-22]]],"properties":{"id":"40","name":"Oklahoma","postal":"OK"}},{"type":"MultiPolygon","arcs":[[[-35,47,48,49]]],"properties":{"id":"42","name":"Pennsylvania","postal":"PA"}},{"type":"MultiPolygon","arcs":[[[-31,50,-41,51]]],"properties":{"id":"46","name":"South Dakota","postal":"SD"}},{"type":"MultiPolygon","arcs":[[[52,53,54]]],"properties":{"id":"48","name":"Texas","postal":"TX"}},{"type":"MultiPolygon","arcs":[[[55,-12,56,-42]]],"properties":{"id":"56","name":"Wyoming","postal":"WY"}},{"type":"MultiPolygon","arcs":[[[57,-36,58,59]]],"properties":{"id":"09","name":"Connecticut","postal":"CT"}},{"type":"MultiPolygon","arcs":[[[60,61,-21,62]]],"properties":{"id":"29","name":"Missouri","postal":"MO"}},{"type":"MultiPolygon","arcs":[[[63,64,65,-18]]],"properties":{"id":"54","name":"West Virginia","postal":"WV"}},{"type":"MultiPolygon","arcs":[[[-19,66,67,68]]],"properties":{"id":"17","name":"Illinois","postal":"IL"}},{"type":"MultiPolygon","arcs":[[[-47,-55,-6,-10]]],"properties":{"id":"35","name":"New Mexico","postal":"NM"}},{"type":"MultiPolygon","arcs":[[[69,70,-45,-62]]],"properties":{"id":"05","name":"Arkansas","postal":"AR"}},{"type":"MultiPolygon","arcs":[[[71,72]]],"properties":{"id":"06","name":"California","postal":"CA"}},{"type":"MultiPolygon","arcs":[[[73,74,75,-48]]],"properties":{"id":"10","name":"Delaware","postal":"DE"}},{"type":"MultiPolygon","arcs":[[[76,-74,-34]]],"properties":{"id":"11","name":"District of Columbia","postal":"DC"}},{"type":"MultiPolygon","arcs":[[[77]]],"properties":{"id":"15","name":"Hawaii","postal":"HI"}},{"type":"MultiPolygon","arcs":[[[-68,-63,78,-30]]],"properties":{"id":"19","name":"Iowa","postal":"IA"}},{"type":"MultiPolygon","arcs":[[[-66,79,-61,-67]]],"properties":{"id":"21","name":"Kentucky","postal":"KY"}},{"type":"MultiPolygon","arcs":[[[-76,-40,-64,80]]],"properties":{"id":"24","name":"Maryland","postal":"MD"}},{"type":"MultiPolygon","arcs":[[[-20,81,82]]],"properties":{"id":"26","name":"Michigan","postal":"MI"}},{"type":"MultiPolygon","arcs":[[[-3,83,84,-71]]],"properties":{"id":"28","name":"Mississippi","postal":"MS"}},{"type":"MultiPolygon","arcs":[[[-43,85,86,87]]],"properties":{"id":"30","name":"Montana","postal":"MT"}},{"type":"MultiPolygon","arcs":[[[-28,-60,88,89]]],"properties":{"id":"33","name":"New Hampshire","postal":"NH"}},{"type":"MultiPolygon","arcs":[[[-59,-50,90,91]]],"properties":{"id":"36","name":"New York","postal":"NY"}},{"type":"MultiPolygon","arcs":[[[-49,-81,-17,92]]],"properties":{"id":"39","name":"Ohio","postal":"OH"}},{"type":"MultiPolygon","arcs":[[[93,94,95,96]]],"properties":{"id":"41","name":"Oregon","postal":"OR"}},{"type":"MultiPolygon","arcs":[[[97,-4,-70,-80]]],"properties":{"id":"47","name":"Tennessee","postal":"TN"}},{"type":"MultiPolygon","arcs":[[[-11,-8,98,99]]],"properties":{"id":"49","name":"Utah","postal":"UT"}},{"type":"MultiPolygon","arcs":[[[-39,-16,-98,-65]]],"properties":{"id":"51","name":"Virginia","postal":"VA"}},{"type":"MultiPolygon","arcs":[[[-87,-97,100,101]]],"properties":{"id":"53","name":"Washington","postal":"WA"}},{"type":"MultiPolygon","arcs":[[[-82,-69,-29,102]]],"properties":{"id":"55","name":"Wisconsin","postal":"WI"}},{"type":"MultiPolygon","arcs":[[[-79,-23,-56,-51]]],"properties":{"id":"31","name":"Nebraska","postal":"NE"}},{"type":"MultiPolygon","arcs":[[[103,-15,-38]]],"properties":{"id":"45","name":"South Carolina","postal":"SC"}},{"type":"MultiPolygon","arcs":[[[-57,-100,-94,-86]]],"properties":{"id":"16","name":"Idaho","postal":"ID"}},{"type":"MultiPolygon","arcs":[[[-99,104,-72,-95]]],"properties":{"id":"32","name":"Nevada","postal":"NV"}},{"type":"MultiPolygon","arcs":[[[-89,-92,105]]],"properties":{"id":"50","name":"Vermont","postal":"VT"}},{"type":"MultiPolygon","arcs":[[[-85,106,-53,-46]]],"properties":{"id":"22","name":"Louisiana","postal":"LA"}},{"type":"MultiPolygon","arcs":[[[107,-58,-27]]],"properties":{"id":"44","name":"Rhode Island","postal":"RI"}}]}},"arcs":[[[-109,32],[-109,28]],[[-109,28],[-113,28]],[[-113,28],[-113,32]],[[-113,32],[-109,32]],[[-133,48],[-137,48],[-137,52],[-133,52],[-133,48]],[[-125,36],[-125,32]],[[-125,32],[-129,32],[-129,36]],[[-129,36],[-125,36]],[[-121,40],[-121,36]],[[-121,36],[-125,36]],[[-125,36],[-125,40]],[[-125,40],[-121,40]],[[-105,28],[-105,24],[-109,24],[-109,28]],[[-109,28],[-105,28]],[[-105,32],[-105,28]],[[-109,32],[-105,32]],[[-105,44],[-105,40]],[[-105,40],[-109,40]],[[-109,40],[-109,44]],[[-109,44],[-105,44]],[[-117,40],[-117,36]],[[-117,36],[-121,36]],[[-121,40],[-117,40]],[[-89,52],[-93,52]],[[-93,52],[-93,56],[-89,56],[-89,52]],[[-89,52],[-89,48]],[[-89,48],[-93,48]],[[-93,48],[-93,52]],[[-113,48],[-113,44]],[[-113,44],[-117,44]],[[-117,44],[-117,48]],[[-117,48],[-113,48]],[[-93,44],[-93,40]],[[-93,40],[-97,40]],[[-97,40],[-97,44]],[[-97,44],[-93,44]],[[-101,36],[-101,32]],[[-101,32],[-105,32]],[[-105,32],[-105,36]],[[-105,36],[-101,36]],[[-121,48],[-121,44]],[[-121,44],[-125,44]],[[-125,44],[-125,48]],[[-125,48],[-121,48]],[[-117,36],[-117,32]],[[-117,32],[-121,32]],[[-121,32],[-121,36]],[[-97,40],[-101,40]],[[-101,40],[-101,44]],[[-101,44],[-97,44]],[[-117,44],[-121,44]],[[-121,48],[-117,48]],[[-121,32],[-121,28]],[[-121,28],[-125,28],[-125,32]],[[-125,32],[-121,32]],[[-121,44],[-121,40]],[[-125,40],[-125,44]],[[-93,48],[-93,44]],[[-97,44],[-97,48]],[[-97,48],[-93,48]],[[-113,40],[-113,36]],[[-113,36],[-117,36]],[[-117,40],[-113,40]],[[-105,40],[-105,36]],[[-105,36],[-109,36]],[[-109,36],[-109,40]],[[-109,40],[-113,40]],[[-113,40],[-113,44]],[[-113,44],[-109,44]],[[-113,36],[-113,32]],[[-113,32],[-117,32]],[[-133,40],[-133,36]],[[-133,36],[-137,36],[-137,40],[-133,40]],[[-97,40],[-97,36]],[[-97,36],[-101,36]],[[-101,36],[-101,40]],[[-93,40],[-93,36],[-97,36]],[[-133,32],[-133,28],[-137,28],[-137,32],[-133,32]],[[-117,40],[-117,44]],[[-109,36],[-113,36]],[[-105,40],[-101,40]],[[-109,44],[-109,48]],[[-109,48],[-105,48],[-105,44]],[[-113,28],[-117,28]],[[-117,28],[-117,32]],[[-125,44],[-129,44]],[[-129,44],[-129,48]],[[-129,48],[-125,48]],[[-97,48],[-97,52]],[[-97,52],[-93,52]],[[-101,44],[-101,48]],[[-101,48],[-97,48]],[[-105,44],[-101,44]],[[-129,44],[-129,40]],[[-129,40],[-133,40]],[[-133,40],[-133,44]],[[-133,44],[-129,44]],[[-109,36],[-109,32]],[[-129,36],[-129,40]],[[-129,40],[-125,40]],[[-133,44],[-133,48]],[[-133,48],[-129,48]],[[-113,48],[-109,48]],[[-101,32],[-101,28],[-105,28]],[[-129,36],[-133,36]],[[-101,48],[-101,52],[-97,52]],[[-117,28],[-121,28]],[[-89,48],[-89,44],[-93,44]]],"bbox":[-137,24,-89,56]}
