[
  {
    "bin": 0,
    "bins": [
      { "bin": 0, "count": 0, "id": null },
      { "bin": 1, "count": 1, "id": "AK", "name": "Alaska", "fips": "02" },
      { "bin": 2, "count": 0, "id": null },
      { "bin": 3, "count": 0, "id": null },
      { "bin": 4, "count": 1, "id": "CA", "name": "California", "fips": "06" },
      { "bin": 5, "count": 0, "id": null },
      { "bin": 6, "count": 1, "id": "HI", "name": "Hawaii", "fips": "15" },
      { "bin": 7, "count": 0, "id": null }
    ]
  },
  {
    "bin": 1,
    "bins": [
      { "bin": 0, "count": 0, "id": null },
      { "bin": 1, "count": 0, "id": null },
      { "bin": 2, "count": 1, "id": "WA", "name": "Washington", "fips": "53" },
      { "bin": 3, "count": 1, "id": "OR", "name": "Oregon", "fips": "41" },
      { "bin": 4, "count": 1, "id": "NV", "name": "Nevada", "fips": "32" },
      { "bin": 5, "count": 0, "id": null },
      { "bin": 6, "count": 0, "id": null },
      { "bin": 7, "count": 0, "id": null }
    ]
  },
  {
    "bin": 2,
    "bins": [
      { "bin": 0, "count": 0, "id": null },
      { "bin": 1, "count": 0, "id": null },
      { "bin": 2, "count": 1, "id": "MT", "name": "Montana", "fips": "30" },
      { "bin": 3, "count": 1, "id": "ID", "name": "Idaho", "fips": "16" },
      { "bin": 4, "count": 1, "id": "UT", "name": "Utah", "fips": "49" },
      { "bin": 5, "count": 1, "id": "AZ", "name": "Arizona", "fips": "04" },
      { "bin": 6, "count": 0, "id": null },
      { "bin": 7, "count": 0, "id": null }
    ]
  },
  {
    "bin": 3,
    "bins": [
      { "bin": 0, "count": 0, "id": null },
      { "bin": 1, "count": 0, "id": null },
      {
        "bin": 2,
        "count": 1,
        "id": "ND",
        "name": "North Dakota",
        "fips": "38"
      },
      { "bin": 3, "count": 1, "id": "WY", "name": "Wyoming", "fips": "56" },
      { "bin": 4, "count": 1, "id": "CO", "name": "Colorado", "fips": "08" },
      { "bin": 5, "count": 1, "id": "NM", "name": "New Mexico", "fips": "35" },
      { "bin": 6, "count": 1, "id": "TX", "name": "Texas", "fips": "48" },
      { "bin": 7, "count": 0, "id": null }
    ]
  },
  {
    "bin": 4,
    "bins": [
      { "bin": 0, "count": 0, "id": null },
      { "bin": 1, "count": 0, "id": null },
      {
        "bin": 2,
        "count": 1,
        "id": "SD",
        "name": "South Dakota",
        "fips": "46"
      },
      { "bin": 3, "count": 1, "id": "NE", "name": "Nebraska", "fips": "31" },
      { "bin": 4, "count": 1, "id": "KS", "name": "Kansas", "fips": "20" },
      { "bin": 5, "count": 1, "id": "OK", "name": "Oklahoma", "fips": "40" },
      { "bin": 6, "count": 1, "id": "LA", "name": "Louisiana", "fips": "22" },
      { "bin": 7, "count": 0, "id": null }
    ]
  },
  {
    "bin": 5,
    "bins": [
      { "bin": 0, "count": 0, "id": null },
      { "bin": 1, "count": 0, "id": null },
      { "bin": 2, "count": 1, "id": "MIN", "name": "Minnesota", "fips": "27" },
      { "bin": 3, "count": 1, "id": "IA", "name": "Iowa", "fips": "19" },
      { "bin": 4, "count": 1, "id": "MO", "name": "Missouri", "fips": "29" },
      { "bin": 5, "count": 1, "id": "AR", "name": "Arkansas", "fips": "05" },
      { "bin": 6, "count": 1, "id": "MS", "name": "Mississippi", "fips": "28" },
      { "bin": 7, "count": 0, "id": null }
    ]
  },
  {
    "bin": 6,
    "bins": [
      { "bin": 0, "count": 0, "id": null },
      { "bin": 1, "count": 0, "id": null },
      { "bin": 2, "count": 1, "id": "WI", "name": "Wisconsin", "fips": "55" },
      { "bin": 3, "count": 1, "id": "IL", "name": "Illinois", "fips": "17" },
      { "bin": 4, "count": 1, "id": "KY", "name": "Kentucky", "fips": "21" },
      { "bin": 5, "count": 1, "id": "TN", "name": "Tennessee", "fips": "47" },
      { "bin": 6, "count": 1, "id": "AL", "name": "Alabama", "fips": "01" },
      { "bin": 7, "count": 0, "id": null }
    ]
  },
  {
    "bin": 7,
    "bins": [
      { "bin": 0, "count": 0, "id": null },
      { "bin": 1, "count": 0, "id": null },
      { "bin": 2, "count": 1, "id": "MI", "name": "Michigan", "fips": "26" },
      { "bin": 3, "count": 1, "id": "IN", "name": "Indiana", "fips": "18" },
      {
        "bin": 4,
        "count": 1,
        "id": "WV",
        "name": "West Virginia",
        "fips": "54"
      },
      { "bin": 5, "count": 1, "id": "VA", "name": "Virginia", "fips": "51" },
      { "bin": 6, "count": 1, "id": "GA", "name": "Georgia", "fips": "13" },
      { "bin": 7, "count": 1, "id": "FL", "name": "Florida", "fips": "12" }
    ]
  },
  {
    "bin": 8,
    "bins": [
      { "bin": 0, "count": 0, "id": null },
      { "bin": 1, "count": 0, "id": null },
      { "bin": 2, "count": 0, "id": null },
      { "bin": 3, "count": 1, "id": "OH", "name": "Ohio", "fips": "39" },
      { "bin": 4, "count": 1, "id": "MD", "name": "Maryland", "fips": "24" },
      {
        "bin": 5,
        "count": 1,
        "id": "NC",
        "name": "North Carolina",
        "fips": "37"
      },
      {
        "bin": 6,
        "count": 1,
        "id": "SC",
        "name": "South Carolina",
        "fips": "45"
      },
      { "bin": 7, "count": 0, "id": null }
    ]
  },
  {
    "bin": 9,
    "bins": [
      { "bin": 0, "count": 0, "id": null },
      { "bin": 1, "count": 1, "id": "VT", "name": "Vermont", "fips": "50" },
      { "bin": 2, "count": 1, "id": "NY", "name": "New York", "fips": "36" },
      {
        "bin": 3,
        "count": 1,
        "id": "PA",
        "name": "Pennsylvania",
        "fips": "42"
      },
      { "bin": 4, "count": 1, "id": "DE", "name": "Delaware", "fips": "10" },
      { "bin": 5, "count": 0, "id": null },
      { "bin": 6, "count": 0, "id": null },
      { "bin": 7, "count": 0, "id": null }
    ]
  },
  {
    "bin": 10,
    "bins": [
      { "bin": 0, "count": 0, "id": null },
      {
        "bin": 1,
        "count": 1,
        "id": "NH",
        "name": "New Hampshire",
        "fips": "33"
      },
      { "bin": 2, "count": 1, "id": "CT", "name": "Connecticut", "fips": "09" },
      { "bin": 3, "count": 1, "id": "NJ", "name": "New Jersey", "fips": "34" },
      {
        "bin": 4,
        "count": 1,
        "id": "DC",
        "name": "District of Columbia",
        "fips": "11"
      },
      { "bin": 5, "count": 0, "id": null },
      { "bin": 6, "count": 0, "id": null },
      { "bin": 7, "count": 0, "id": null }
    ]
  },
  {
    "bin": 11,
    "bins": [
      { "bin": 0, "count": 1, "id": "ME", "name": "Maine", "fips": "23" },
      {
        "bin": 1,
        "count": 1,
        "id": "MA",
        "name": "Massachusetts",
        "fips": "25"
      },
      {
        "bin": 2,
        "count": 1,
        "id": "RI",
        "name": "Rhode Island",
        "fips": "44"
      },
      { "bin": 3, "count": 0, "id": null },
      { "bin": 4, "count": 0, "id": null },
      { "bin": 5, "count": 0, "id": null },
      { "bin": 6, "count": 0, "id": null },
      { "bin": 7, "count": 0, "id": null }
    ]
  }
]
